{
    "prediction_labels": {
        "human": {
            "count": 203,
            "rate": 0.6952054794520548
        },
        "AI": {
            "count": 89,
            "rate": 0.3047945205479452
        }
    },
    "threshold": 0.3552002916582866
}